{"stats":{"minecraft:custom":{"minecraft:time_since_rest":605,"minecraft:interact_with_furnace":3,"minecraft:damage_taken":193,"minecraft:sprint_one_cm":84362,"minecraft:walk_one_cm":467380,"minecraft:mob_kills":3,"minecraft:animals_bred":1,"minecraft:damage_dealt":297,"minecraft:interact_with_crafting_table":5,"minecraft:fly_one_cm":29081,"minecraft:open_chest":4,"minecraft:play_time":140644,"minecraft:walk_under_water_one_cm":563,"minecraft:jump":712,"minecraft:leave_game":5,"minecraft:walk_on_water_one_cm":2616,"minecraft:time_since_death":140644,"minecraft:sleep_in_bed":3,"minecraft:total_world_time":140644,"minecraft:fall_one_cm":10828},"minecraft:used":{"minecraft:cherry_sapling":41,"minecraft:diamond_shovel":486,"minecraft:poppy":1,"minecraft:wooden_pickaxe":59,"minecraft:wooden_shovel":18,"minecraft:diamond_axe":56,"minecraft:diamond_sword":8,"minecraft:dirt":72,"minecraft:cooked_beef":4},"minecraft:killed":{"minecraft:sheep":1,"minecraft:pig":2},"minecraft:mined":{"minecraft:cherry_log":54,"minecraft:cherry_sapling":3,"minecraft:dandelion":6,"minecraft:pumpkin":7,"minecraft:azure_bluet":1,"minecraft:short_grass":6,"minecraft:coal_ore":9,"minecraft:grass_block":249,"minecraft:oak_log":9,"minecraft:poppy":1,"minecraft:cherry_leaves":23,"minecraft:sand":4,"minecraft:dirt":251,"minecraft:tall_grass":2,"minecraft:stone":49,"minecraft:sugar_cane":1,"minecraft:oxeye_daisy":1,"minecraft:oak_leaves":21},"minecraft:broken":{"minecraft:wooden_pickaxe":1},"minecraft:picked_up":{"minecraft:stick":22,"minecraft:azure_bluet":1,"minecraft:cooked_beef":11,"minecraft:pumpkin":7,"minecraft:diamond_sword":1,"minecraft:dandelion":6,"minecraft:porkchop":4,"minecraft:sand":4,"minecraft:oak_log":9,"minecraft:cherry_log":54,"minecraft:dirt":426,"minecraft:diamond_shovel":1,"minecraft:wheat_seeds":4,"minecraft:diamond_axe":1,"minecraft:cherry_sapling":38,"minecraft:poppy":1,"minecraft:oak_sapling":2,"minecraft:sugar_cane":2,"minecraft:mutton":2,"minecraft:coal":9,"minecraft:white_wool":1,"minecraft:cobblestone":46,"minecraft:oxeye_daisy":1},"minecraft:crafted":{"minecraft:wooden_sword":1,"minecraft:oak_planks":36,"minecraft:wooden_shovel":1,"minecraft:wooden_hoe":1,"minecraft:stick":16,"minecraft:wooden_pickaxe":1,"minecraft:pumpkin_seeds":28,"minecraft:oak_fence":15,"minecraft:pink_dye":47}},"DataVersion":3953}