{"stats":{"minecraft:dropped":{"minecraft:iron_sword":3,"minecraft:soul_sand":1,"minecraft:birch_planks":21,"minecraft:porkchop":3,"minecraft:diamond_axe":4,"minecraft:warped_fungus":1,"minecraft:cooked_beef":48,"minecraft:ender_pearl":1,"minecraft:diamond":29,"minecraft:crafting_table":1,"minecraft:cooked_porkchop":3,"minecraft:weeping_vines":1,"minecraft:warped_roots":4,"minecraft:lantern":1,"minecraft:leather":2,"minecraft:saddle":1,"minecraft:flint":2,"minecraft:dirt":33,"minecraft:netherite_scrap":1,"minecraft:mutton":3,"minecraft:crimson_roots":3,"minecraft:gold_nugget":26,"minecraft:bone_meal":4,"minecraft:polished_blackstone_bricks":9,"minecraft:iron_pickaxe":1,"minecraft:bone":3,"minecraft:oak_door":8,"minecraft:gravel":77,"minecraft:blackstone":2,"minecraft:cobbled_deepslate":669,"minecraft:iron_nugget":4,"minecraft:golden_chestplate":1,"minecraft:wheat":6,"minecraft:obsidian":5,"minecraft:rotten_flesh":4,"minecraft:oak_planks":2,"minecraft:enchanted_golden_apple":1,"minecraft:diamond_shovel":2,"minecraft:glowstone_dust":2,"minecraft:salmon":3,"minecraft:basalt":11,"minecraft:arrow":60,"minecraft:warped_wart_block":1,"minecraft:crying_obsidian":10,"minecraft:quartz":7,"minecraft:netherrack":977,"minecraft:bread":23,"minecraft:iron_ingot":10,"minecraft:wheat_seeds":44,"minecraft:cherry_log":54,"minecraft:diamond_leggings":1,"minecraft:poisonous_potato":64,"minecraft:cobblestone":152,"minecraft:granite":12,"minecraft:coal":4,"minecraft:stick":10,"minecraft:torch":73,"minecraft:rose_bush":1,"minecraft:cherry_planks":134,"minecraft:diamond_helmet":3,"minecraft:iron_axe":2,"minecraft:iron_shovel":1,"minecraft:bucket":1,"minecraft:polished_deepslate":186,"minecraft:polished_diorite":44,"minecraft:raw_copper":54,"minecraft:tuff":64,"minecraft:polished_deepslate_slab":1,"minecraft:iron_boots":1,"minecraft:diamond_sword":5,"minecraft:potato":1,"minecraft:shield":4,"minecraft:diamond_chestplate":2,"minecraft:diamond_pickaxe":10,"minecraft:andesite":18,"minecraft:diamond_boots":1,"minecraft:birch_boat":2,"minecraft:bow":1,"minecraft:stone_pickaxe":2,"minecraft:wooden_pickaxe":1},"minecraft:crafted":{"minecraft:grindstone":1,"minecraft:oak_planks":1192,"minecraft:smooth_stone":64,"minecraft:cobblestone_slab":6,"minecraft:oak_sign":3,"minecraft:birch_boat":2,"minecraft:loom":1,"minecraft:stone":80,"minecraft:diamond_shovel":2,"minecraft:flower_banner_pattern":1,"minecraft:cooked_mutton":22,"minecraft:warped_planks":32,"minecraft:glass":359,"minecraft:quartz_block":54,"minecraft:stone_brick_slab":18,"minecraft:diamond_helmet":4,"minecraft:diamond_leggings":4,"minecraft:iron_boots":2,"minecraft:netherite_boots":2,"minecraft:chest":42,"minecraft:netherite_helmet":2,"minecraft:netherite_upgrade_smithing_template":24,"minecraft:chiseled_stone_bricks":8,"minecraft:stone_bricks":12,"minecraft:oak_fence":21,"minecraft:polished_diorite_slab":18,"minecraft:smoker":2,"minecraft:white_banner":5,"minecraft:redstone_lamp":6,"minecraft:cooked_porkchop":42,"minecraft:diamond_axe":3,"minecraft:crafting_table":18,"minecraft:wooden_pickaxe":1,"minecraft:iron_helmet":2,"minecraft:snout_armor_trim_smithing_template":28,"minecraft:smithing_table":1,"minecraft:birch_planks":152,"minecraft:polished_deepslate_slab":66,"minecraft:cartography_table":1,"minecraft:diamond_pickaxe":12,"minecraft:book":1,"minecraft:iron_chestplate":2,"minecraft:paper":12,"minecraft:purple_dye":10,"minecraft:shield":7,"minecraft:stick":480,"minecraft:stone_slab":6,"minecraft:iron_ingot":463,"minecraft:iron_pickaxe":2,"minecraft:iron_block":3,"minecraft:stone_sword":1,"minecraft:gold_ingot":28,"minecraft:redstone_torch":6,"minecraft:netherite_ingot":10,"minecraft:polished_diorite_stairs":144,"minecraft:deepslate_bricks":284,"minecraft:shears":1,"minecraft:cherry_planks":192,"minecraft:wooden_sword":1,"minecraft:oak_door":12,"minecraft:raw_iron":27,"minecraft:stone_shovel":1,"minecraft:smooth_stone_slab":12,"minecraft:netherite_sword":1,"minecraft:jukebox":1,"minecraft:iron_nugget":567,"minecraft:polished_deepslate_stairs":40,"minecraft:furnace":14,"minecraft:blast_furnace":2,"minecraft:bone_meal":30,"minecraft:oak_trapdoor":2,"minecraft:flint_and_steel":2,"minecraft:netherite_chestplate":2,"minecraft:lantern":67,"minecraft:netherite_axe":1,"minecraft:netherite_leggings":2,"minecraft:polished_diorite":1820,"minecraft:polished_deepslate":1384,"minecraft:iron_axe":1,"minecraft:ladder":102,"minecraft:iron_hoe":1,"minecraft:stone_pickaxe":2,"minecraft:cobblestone_wall":18,"minecraft:diamond_boots":4,"minecraft:netherite_scrap":52,"minecraft:cooked_beef":1,"minecraft:red_dye":28,"minecraft:crimson_planks":4,"minecraft:netherite_pickaxe":1,"minecraft:diamond_sword":3,"minecraft:enchanting_table":1,"minecraft:blue_bed":2,"minecraft:cooked_salmon":13,"minecraft:polished_granite":124,"minecraft:bucket":6,"minecraft:deepslate_tiles":56,"minecraft:glowstone":6,"minecraft:lodestone":1,"minecraft:bread":16,"minecraft:air":0,"minecraft:blue_dye":24,"minecraft:oak_fence_gate":1,"minecraft:warped_fungus_on_a_stick":1,"minecraft:white_dye":24,"minecraft:blue_wool":6,"minecraft:iron_shovel":1,"minecraft:iron_leggings":2,"minecraft:armor_stand":6,"minecraft:anvil":1,"minecraft:torch":480,"minecraft:diamond_chestplate":4},"minecraft:picked_up":{"minecraft:iron_chestplate":1,"minecraft:wheat":88,"minecraft:nether_brick_fence":2,"minecraft:diamond_sword":7,"minecraft:potion":2,"minecraft:amethyst_block":3,"minecraft:polished_deepslate":175,"minecraft:polished_blackstone_brick_stairs":1,"minecraft:string":98,"minecraft:raw_copper":240,"minecraft:soul_soil":2,"minecraft:iron_leggings":2,"minecraft:netherite_ingot":1,"minecraft:sea_pickle":4,"minecraft:deepslate_tiles":6,"minecraft:diamond_leggings":2,"minecraft:gold_nugget":83,"minecraft:cobbled_deepslate":2388,"minecraft:trial_key":4,"minecraft:rose_bush":1,"minecraft:calcite":3,"minecraft:iron_pickaxe":2,"minecraft:iron_boots":3,"minecraft:furnace":1,"minecraft:tipped_arrow":34,"minecraft:golden_helmet":1,"minecraft:stick":42,"minecraft:polished_deepslate_stairs":8,"minecraft:torch":272,"minecraft:porkchop":56,"minecraft:cherry_log":163,"minecraft:diorite":1531,"minecraft:golden_chestplate":1,"minecraft:quartz_block":2,"minecraft:honey_bottle":4,"minecraft:rotten_flesh":39,"minecraft:blaze_rod":18,"minecraft:obsidian":57,"minecraft:cobblestone":6687,"minecraft:birch_log":49,"minecraft:magma_block":10,"minecraft:pink_petals":71,"minecraft:polished_diorite_slab":5,"minecraft:warped_fungus_on_a_stick":1,"minecraft:cooked_beef":13,"minecraft:magma_cream":7,"minecraft:cherry_planks":9,"minecraft:iron_door":1,"minecraft:andesite":247,"minecraft:potato":6,"minecraft:flint":26,"minecraft:tuff":323,"minecraft:lapis_lazuli":165,"minecraft:cherry_door":5,"minecraft:dirt":1309,"minecraft:lantern":13,"minecraft:polished_granite":9,"minecraft:glass":38,"minecraft:bone":79,"minecraft:bow":12,"minecraft:wheat_seeds":307,"minecraft:raw_gold":74,"minecraft:bolt_armor_trim_smithing_template":1,"minecraft:diamond_helmet":5,"minecraft:glowstone_dust":82,"minecraft:scrape_pottery_sherd":1,"minecraft:oak_planks":120,"minecraft:cooked_porkchop":11,"minecraft:warped_wart_block":3,"minecraft:poisonous_potato":128,"minecraft:sand":270,"minecraft:ink_sac":2,"minecraft:grass_block":4,"minecraft:snout_armor_trim_smithing_template":1,"minecraft:diamond":464,"minecraft:cracked_polished_blackstone_bricks":23,"minecraft:breeze_rod":9,"minecraft:crossbow":1,"minecraft:granite":375,"minecraft:bone_meal":10,"minecraft:emerald":11,"minecraft:bread":16,"minecraft:piglin_banner_pattern":1,"minecraft:oak_sapling":41,"minecraft:netherrack":2413,"minecraft:crimson_roots":9,"minecraft:diamond_pickaxe":10,"minecraft:fishing_rod":1,"minecraft:crafting_table":7,"minecraft:azure_bluet":1,"minecraft:chicken":1,"minecraft:ladder":42,"minecraft:nether_wart":85,"minecraft:gold_block":22,"minecraft:stripped_cherry_log":1,"minecraft:brick":3,"minecraft:shield":7,"minecraft:cornflower":5,"minecraft:iron_axe":2,"minecraft:flint_and_steel":1,"minecraft:netherite_scrap":4,"minecraft:compass":2,"minecraft:blackstone":322,"minecraft:music_disc_otherside":1,"minecraft:beef":6,"minecraft:iron_nugget":39,"minecraft:poppy":28,"minecraft:sugar_cane":14,"minecraft:chest":8,"minecraft:birch_sapling":4,"minecraft:cherry_trapdoor":2,"minecraft:egg":1,"minecraft:raw_iron":445,"minecraft:polished_deepslate_slab":2,"minecraft:oak_door":22,"minecraft:polished_blackstone_bricks":49,"minecraft:redstone":103,"minecraft:arrow":124,"minecraft:weeping_vines":5,"minecraft:diamond_chestplate":5,"minecraft:nether_bricks":20,"minecraft:diamond_boots":4,"minecraft:shears":1,"minecraft:deepslate_bricks":147,"minecraft:saddle":2,"minecraft:tuff_bricks":3,"minecraft:mutton":47,"minecraft:rail":2,"minecraft:white_wool":66,"minecraft:oxeye_daisy":1,"minecraft:basalt":70,"minecraft:crimson_stem":1,"minecraft:glow_ink_sac":3,"minecraft:salmon":34,"minecraft:leather":11,"minecraft:birch_planks":4,"minecraft:crimson_fungus":3,"minecraft:oak_log":328,"minecraft:waxed_copper_block":4,"minecraft:ancient_debris":54,"minecraft:cobblestone_wall":1,"minecraft:nether_wart_block":3,"minecraft:gunpowder":4,"minecraft:cobblestone_stairs":31,"minecraft:apple":5,"minecraft:kelp":36,"minecraft:warped_stem":8,"minecraft:iron_ingot":59,"minecraft:stone_pickaxe":2,"minecraft:cherry_sign":4,"minecraft:glass_bottle":1,"minecraft:iron_sword":4,"minecraft:soul_sand":46,"minecraft:smooth_basalt":3,"minecraft:warped_fungus":30,"minecraft:birch_boat":4,"minecraft:quartz":232,"minecraft:raw_iron_block":6,"minecraft:gravel":249,"minecraft:amethyst_shard":4,"minecraft:white_bed":1,"minecraft:crying_obsidian":25,"minecraft:spider_eye":18,"minecraft:polished_diorite_stairs":1,"minecraft:diamond_shovel":4,"minecraft:polished_diorite":102,"minecraft:diamond_axe":4,"minecraft:cherry_sapling":7,"minecraft:gray_wool":2,"minecraft:warped_roots":13,"minecraft:lodestone":2,"minecraft:baked_potato":1,"minecraft:warped_nylium":11,"minecraft:coal":467,"minecraft:ender_pearl":30},"minecraft:killed_by":{"minecraft:zombie":1},"minecraft:custom":{"minecraft:animals_bred":16,"minecraft:interact_with_crafting_table":200,"minecraft:open_barrel":1,"minecraft:leave_game":30,"minecraft:time_since_death":412772,"minecraft:damage_resisted":477,"minecraft:sprint_one_cm":4456864,"minecraft:damage_blocked_by_shield":4931,"minecraft:drop":315,"minecraft:play_time":2755123,"minecraft:deaths":3,"minecraft:jump":22496,"minecraft:walk_on_water_one_cm":265793,"minecraft:enchant_item":37,"minecraft:interact_with_furnace":158,"minecraft:play_record":1,"minecraft:interact_with_cartography_table":1,"minecraft:interact_with_loom":4,"minecraft:sleep_in_bed":16,"minecraft:damage_dealt":91797,"minecraft:player_kills":2,"minecraft:crouch_one_cm":1143915,"minecraft:interact_with_smoker":26,"minecraft:inspect_dispenser":1,"minecraft:interact_with_smithing_table":10,"minecraft:mob_kills":765,"minecraft:interact_with_anvil":9,"minecraft:climb_one_cm":167539,"minecraft:walk_one_cm":7101311,"minecraft:strider_one_cm":7525168,"minecraft:sneak_time":309450,"minecraft:walk_under_water_one_cm":542674,"minecraft:boat_one_cm":633269,"minecraft:interact_with_blast_furnace":45,"minecraft:total_world_time":2755123,"minecraft:interact_with_grindstone":3,"minecraft:time_since_rest":18786,"minecraft:damage_taken":18471,"minecraft:damage_absorbed":818,"minecraft:swim_one_cm":326983,"minecraft:fly_one_cm":3057738,"minecraft:open_chest":985,"minecraft:fall_one_cm":386778},"minecraft:broken":{"minecraft:diamond_helmet":1,"minecraft:stone_pickaxe":1,"minecraft:diamond_boots":1,"minecraft:diamond_pickaxe":7,"minecraft:stone_shovel":1,"minecraft:diamond_chestplate":1,"minecraft:diamond_leggings":1,"minecraft:iron_pickaxe":1},"minecraft:killed":{"minecraft:zombified_piglin":1,"minecraft:spider":25,"minecraft:skeleton":40,"minecraft:chicken":1,"minecraft:silverfish":1,"minecraft:piglin_brute":12,"minecraft:magma_cube":312,"minecraft:piglin":99,"minecraft:pig":5,"minecraft:salmon":32,"minecraft:strider":6,"minecraft:creeper":3,"minecraft:sheep":34,"minecraft:pillager":3,"minecraft:zombie":38,"minecraft:stray":22,"minecraft:ghast":6,"minecraft:blaze":32,"minecraft:cow":2,"minecraft:drowned":2,"minecraft:hoglin":19,"minecraft:breeze":2,"minecraft:wither_skeleton":3,"minecraft:enderman":50},"minecraft:used":{"minecraft:nether_brick_fence":1,"minecraft:iron_shovel":30,"minecraft:polished_deepslate":955,"minecraft:ladder":102,"minecraft:oak_sign":1,"minecraft:chest":48,"minecraft:shield":139,"minecraft:iron_chestplate":1,"minecraft:mutton":9,"minecraft:soul_sand":5,"minecraft:nether_bricks":20,"minecraft:tuff":7,"minecraft:obsidian":28,"minecraft:polished_deepslate_stairs":41,"minecraft:glass":387,"minecraft:lava_bucket":44,"minecraft:grass_block":15,"minecraft:lantern":77,"minecraft:quartz_block":51,"minecraft:warped_nylium":1,"minecraft:iron_helmet":1,"minecraft:redstone_lamp":6,"minecraft:bow":49,"minecraft:furnace":10,"minecraft:polished_diorite_stairs":121,"minecraft:diorite":2,"minecraft:warped_fungus_on_a_stick":52,"minecraft:stone_pickaxe":142,"minecraft:polished_diorite_slab":15,"minecraft:blackstone":21,"minecraft:oak_planks":698,"minecraft:ender_pearl":10,"minecraft:wooden_pickaxe":25,"minecraft:diamond_axe":515,"minecraft:blue_bed":2,"minecraft:sand":4,"minecraft:loom":1,"minecraft:blast_furnace":2,"minecraft:crossbow":95,"minecraft:deepslate_tiles":58,"minecraft:redstone_torch":6,"minecraft:bread":58,"minecraft:cherry_sign":2,"minecraft:polished_granite":84,"minecraft:iron_door":1,"minecraft:gravel":1,"minecraft:diamond_sword":1802,"minecraft:wooden_sword":33,"minecraft:smithing_table":1,"minecraft:grindstone":1,"minecraft:andesite":14,"minecraft:compass":3,"minecraft:bone_meal":6,"minecraft:oak_fence":19,"minecraft:netherite_sword":88,"minecraft:oak_trapdoor":1,"minecraft:enchanting_table":1,"minecraft:stone_sword":24,"minecraft:flint_and_steel":32,"minecraft:armor_stand":6,"minecraft:stone_shovel":138,"minecraft:cooked_salmon":13,"minecraft:netherrack":985,"minecraft:trial_key":4,"minecraft:oak_door":20,"minecraft:torch":640,"minecraft:warped_wart_block":2,"minecraft:anvil":1,"minecraft:dirt":1367,"minecraft:ancient_debris":2,"minecraft:cobblestone_wall":6,"minecraft:raw_iron_block":3,"minecraft:granite":13,"minecraft:polished_diorite":1650,"minecraft:oak_fence_gate":1,"minecraft:iron_hoe":213,"minecraft:bookshelf":23,"minecraft:polished_blackstone_brick_stairs":1,"minecraft:iron_boots":1,"minecraft:basalt":30,"minecraft:golden_carrot":11,"minecraft:soul_soil":1,"minecraft:netherite_pickaxe":13,"minecraft:cooked_beef":164,"minecraft:cobbled_deepslate":49,"minecraft:enchanted_golden_apple":5,"minecraft:wheat_seeds":154,"minecraft:cooked_mutton":14,"minecraft:water_bucket":46,"minecraft:cobblestone_stairs":1,"minecraft:lodestone":3,"minecraft:birch_planks":1,"minecraft:baked_potato":1,"minecraft:cartography_table":1,"minecraft:birch_boat":3,"minecraft:cherry_planks":1,"minecraft:cobblestone_slab":4,"minecraft:deepslate_bricks":73,"minecraft:polished_blackstone_bricks":40,"minecraft:salmon":7,"minecraft:polished_deepslate_slab":67,"minecraft:rail":1,"minecraft:crafting_table":21,"minecraft:white_bed":1,"minecraft:warped_planks":2,"minecraft:smoker":2,"minecraft:diamond_pickaxe":16582,"minecraft:diamond_shovel":1058,"minecraft:cherry_door":2,"minecraft:cracked_polished_blackstone_bricks":18,"minecraft:chicken":1,"minecraft:iron_pickaxe":250,"minecraft:netherite_axe":1,"minecraft:pink_petals":1,"minecraft:cobblestone":2184,"minecraft:porkchop":12,"minecraft:white_banner":2,"minecraft:cooked_porkchop":42,"minecraft:bucket":91,"minecraft:sea_pickle":74,"minecraft:kelp":10,"minecraft:jukebox":1},"minecraft:mined":{"minecraft:blackstone_stairs":1,"minecraft:white_bed":2,"minecraft:farmland":1,"minecraft:cobblestone_stairs":14,"minecraft:obsidian":35,"minecraft:granite":360,"minecraft:budding_amethyst":1,"minecraft:grass_block":277,"minecraft:cracked_polished_blackstone_bricks":32,"minecraft:deepslate_bricks":19,"minecraft:soul_soil":3,"minecraft:polished_diorite":100,"minecraft:crimson_fungus":2,"minecraft:oxeye_daisy":1,"minecraft:nether_wart":55,"minecraft:spawner":3,"minecraft:tall_seagrass":6,"minecraft:polished_blackstone_bricks":30,"minecraft:weeping_vines_plant":3,"minecraft:magma_block":16,"minecraft:raw_iron_block":6,"minecraft:glowstone":25,"minecraft:iron_ore":212,"minecraft:cobbled_deepslate":8,"minecraft:fire":47,"minecraft:deepslate_lapis_ore":15,"minecraft:polished_deepslate_slab":2,"minecraft:deepslate_redstone_ore":21,"minecraft:quartz_block":1,"minecraft:blackstone":286,"minecraft:kelp_plant":8,"minecraft:polished_deepslate_stairs":8,"minecraft:crimson_nylium":35,"minecraft:soul_fire":5,"minecraft:torch":36,"minecraft:calcite":3,"minecraft:poppy":29,"minecraft:chest":5,"minecraft:polished_diorite_slab":4,"minecraft:nether_quartz_ore":216,"minecraft:glass":6,"minecraft:cobblestone":291,"minecraft:oak_planks":116,"minecraft:iron_door":1,"minecraft:wall_torch":63,"minecraft:amethyst_block":3,"minecraft:pink_petals":2,"minecraft:polished_diorite_stairs":1,"minecraft:seagrass":6,"minecraft:warped_nylium":33,"minecraft:nether_wart_block":4,"minecraft:birch_log":27,"minecraft:wheat":113,"minecraft:cherry_door":3,"minecraft:waxed_copper_block":2,"minecraft:warped_fungus":20,"minecraft:oak_log":330,"minecraft:sand":270,"minecraft:dirt":992,"minecraft:smooth_basalt":3,"minecraft:ancient_debris":52,"minecraft:netherrack":2521,"minecraft:oak_leaves":53,"minecraft:deepslate":2387,"minecraft:nether_gold_ore":3,"minecraft:deepslate_tiles":6,"minecraft:crying_obsidian":1,"minecraft:tuff":359,"minecraft:deepslate_diamond_ore":292,"minecraft:oak_door":13,"minecraft:cherry_sapling":2,"minecraft:nether_bricks":24,"minecraft:ladder":5,"minecraft:decorated_pot":2,"minecraft:crimson_roots":9,"minecraft:weeping_vines":2,"minecraft:kelp":23,"minecraft:crimson_stem":3,"minecraft:cherry_wall_sign":1,"minecraft:redstone_ore":2,"minecraft:waxed_oxidized_cut_copper":1,"minecraft:furnace":1,"minecraft:nether_sprouts":1,"minecraft:andesite":247,"minecraft:gold_block":22,"minecraft:nether_brick_fence":4,"minecraft:polished_deepslate":143,"minecraft:potatoes":1,"minecraft:shroomlight":1,"minecraft:deepslate_iron_ore":153,"minecraft:lantern":12,"minecraft:warped_stem":8,"minecraft:stone":6610,"minecraft:cherry_planks":1,"minecraft:soul_sand":42,"minecraft:basalt":97,"minecraft:polished_granite":9,"minecraft:crafting_table":5,"minecraft:cornflower":5,"minecraft:short_grass":158,"minecraft:warped_roots":3,"minecraft:rose_bush":1,"minecraft:sculk_sensor":1,"minecraft:tall_grass":52,"minecraft:copper_ore":50,"minecraft:deepslate_gold_ore":58,"minecraft:lapis_ore":5,"minecraft:polished_blackstone_brick_stairs":1,"minecraft:sculk":3,"minecraft:diorite":1565,"minecraft:warped_wart_block":5,"minecraft:birch_planks":1,"minecraft:cobblestone_wall":1,"minecraft:sea_pickle":4,"minecraft:birch_leaves":1,"minecraft:coal_ore":437,"minecraft:gravel":213,"minecraft:lodestone":2,"minecraft:cherry_sign":2}},"DataVersion":3953}