{"stats":{"minecraft:mined":{"minecraft:grass_block":2,"minecraft:oak_log":13,"minecraft:dirt":3,"minecraft:birch_log":3,"minecraft:stone":31,"minecraft:oak_leaves":1},"minecraft:crafted":{"minecraft:stone_sword":1,"minecraft:oak_planks":52,"minecraft:birch_planks":12,"minecraft:crafting_table":1,"minecraft:stick":8,"minecraft:wooden_pickaxe":1,"minecraft:stone_pickaxe":1},"minecraft:used":{"minecraft:stone_sword":2,"minecraft:crafting_table":1,"minecraft:oak_sapling":1,"minecraft:stone_pickaxe":19,"minecraft:wooden_pickaxe":12},"minecraft:picked_up":{"minecraft:birch_log":3,"minecraft:feather":2,"minecraft:chicken":2,"minecraft:oak_log":13,"minecraft:oak_sapling":1,"minecraft:dirt":5,"minecraft:cobblestone":31},"minecraft:killed":{"minecraft:chicken":2},"minecraft:custom":{"minecraft:time_since_rest":21384,"minecraft:sprint_one_cm":8199,"minecraft:crouch_one_cm":530,"minecraft:play_time":21384,"minecraft:damage_taken":40,"minecraft:walk_one_cm":35865,"minecraft:sneak_time":694,"minecraft:walk_under_water_one_cm":754,"minecraft:mob_kills":2,"minecraft:jump":92,"minecraft:damage_dealt":126,"minecraft:leave_game":3,"minecraft:walk_on_water_one_cm":1073,"minecraft:time_since_death":21384,"minecraft:total_world_time":21384,"minecraft:swim_one_cm":4324,"minecraft:interact_with_crafting_table":3,"minecraft:fall_one_cm":2256,"minecraft:fly_one_cm":640914}},"DataVersion":3953}